{
    "rmse": 0.672001880939701,
    "mae": 0.5200958264177952,
    "r2": 0.27371391904387277
}