{
    "rmse": 0.8407646144519588,
    "mae": 0.6837897921789005,
    "r2": 0.024573984645857805
}